Country,Confidence
Poland,0.9565217391
United Kingdom,0.9130434783
Netherlands,0.847826087
Czech Republic,0.8043478261
Portugal,0.7826086957
Ireland,0.7608695652
Slovakia,0.7608695652
France,0.7173913043
Spain,0.6739130435
Denmark,0.6739130435
Italy,0.6304347826
Austria,0.6086956522
Romania,0.5869565217
Estonia,0.5652173913
Malta,0.5434782609
Germany,0.5434782609
Greece,0.5434782609
Belgium,0.5434782609